,question,concern,species_name,lifecycle_info,control_methods,answer_confidence_score
0,"This weed has purple flower heads, deeply lobed leaves, and forms dense infestations in rangelands. Identify the species.",species_name,Cirsium arvense,"Cirsium arvense, also known as Canada thistle, is a perennial plant that primarily grows in rangelands, pastures, and roadsides. It emerges in early spring, and its growth peaks in midsummer. The plant reproduces both by seeds and an extensive creeping root system.","Control methods include mechanical, cultural, and chemical approaches. Mechanical control includes repeated mowing or cutting before the seed head forms, to deplete the root reserves. Cultural methods involve maintaining dense and competitive pasture vegetation to limit space for its growth. Chemical control is most effective with systemic herbicides. Effective herbicides include clopyralid, aminopyralid, and glyphosate, ideally applied in early growth stages or in fall to translocate into roots.",0.9
1,Spotted knapweed is a common invasive plant. Describe its lifecycle and typical growth timing.,lifecycle_info,Centaurea stoebe,"Spotted knapweed is a short-lived perennial plant, often behaving as a biennial. It typically germinates in the spring and forms a rosette for one or several years before bolting to produce flowering stems in mid to late summer. It can also behave as a perennial in favorable conditions.","Mechanical methods such as pulling or cutting are effective if all root fragments are removed. Chemical control can be done using herbicides like Clopyralid, Aminopyralid, or Picloram applied during the rosette stage. Biological control agents such as seedhead and root-feeding insects can also be utilized. Timing for chemical applications and mechanical removal is best in spring or early fall.",0.95
2,What are the most effective control methods and best timing to manage diffuse knapweed?,control_methods,Diffuse Knapweed (Centaurea diffusa),Diffuse knapweed is a biennial or short-lived perennial plant that typically begins its growth with a rosette stage in the first year and flowers in the second year. It predominantly blooms during mid-summer.,"Effective control methods for diffuse knapweed involve a combination of mechanical, cultural, biological, and chemical strategies. Mechanical control, such as mowing, can be effective if done before the plant sets seed. Cultural methods, like reseeding areas with competitive grasses, can help reduce infestations. Biological control with specific insects like the knapweed root weevil (Cyphocleonus achates) and knapweed peacock (Larinus minutus) has shown success in suppressing growth. Chemical control includes herbicides such as Picloram, Clopyralid, and Aminopyralid, which are most effective when applied in the rosette to pre-bolting stage in spring or fall. Adherence to timing and usage instructions is vital for chemical effectiveness.",0.95
3,Canada thistle spreads aggressively through creeping roots and produces spiny leaves. Identify the plant and mention its lifecycle.,everything,Canada Thistle,Canada thistle (Cirsium arvense) is a perennial weed. It grows vigorously in early spring and can reach up to 1.5 meters in height. The plant primarily spreads through its extensive creeping root system and seeds.,"Mechanical: Regular mowing can weaken the thistle over time. Cultural: Maintain healthy, competitive crops to reduce thistle establishment. Biological: Use of specific insects like Ceutorhynchus litura, which feed on thistle. Chemical: Herbicides like Clopyralid or Aminopyralid are effective, applied in late spring or early fall when the plants are actively translocating food to the roots. Effectiveness constraints include timing and ensuring thorough coverage.",1.0
4,Leafy spurge produces a milky latex sap and yellow-green bracts. Identify the weed.,species_name,Euphorbia esula,Leafy spurge (Euphorbia esula) is a perennial weed. It has a complex root system that can grow deep and spread aggressively. The plant emerges in early spring and flowers from late spring to early summer.,"Mechanical methods like mowing can help, but may not be entirely effective due to its deep root system. Cultural methods include maintaining a competitive crop cover. Biological control with specific flea beetles (Aphthona spp.) can suppress but not eradicate. Chemical controls involve the application of herbicides like picloram or aminopyralid, ideally applied in the early flowering stage. Repeated applications may be necessary.",0.95
5,Describe the growth stages and seasonal development of purple loosestrife.,lifecycle_info,Purple Loosestrife (Lythrum salicaria),"Purple loosestrife is a perennial plant that typically grows in wetlands and along watercourses. It begins its growth in early spring when temperatures warm and continues to grow through the summer. The plant produces vibrant magenta flowers that bloom from late June to September, and it can reach heights of up to 2 meters. It is capable of reproducing through seeds, roots, and vegetative parts, making it a resilient and invasive species.","Control methods for purple loosestrife include mechanical removal, cultural practices, biological control through specific beetle species (Galerucella calmariensis and G. pusilla), and chemical control using herbicides like glyphosate and triclopyr. Mechanical removal involves hand-pulling or cutting before seed set in early summer. Herbicides should be applied in the late summer to early fall when plants are actively transporting nutrients to the roots. This timing increases effectiveness and reduces seed viability.",0.9
6,When and how should Russian knapweed be controlled to prevent spread?,control_methods,Acroptilon repens,"Perennial weed, spreads by seeds and extensive creeping roots. Typically emerges in early spring and flowers through summer.","Mechanical control can include frequent mowing during early flowering to reduce seed set but may not control root spread. Cultural methods involve maintaining healthy, competitive crops to suppress growth. Biological control through insects like the Russian knapweed gall midge can be effective. Chemical control using herbicides like clopyralid, picloram, or aminopyralid applied in the spring during the bud stage or in the fall is effective. The timing of application is crucial for effectiveness. Combination of these methods often yields the best results.",0.9
7,Yellow starthistle has sharp spines on its flower heads. Identify the weed and explain when it typically grows.,everything,Centaurea solstitialis,"Yellow starthistle is an annual plant that germinates in fall and winter. It grows as a rosette during the winter and early spring, developing into a flowering plant in late spring and early summer.","Mechanical: Hand pulling or mowing before the flowering stage can be effective. Cultural: Encouraging competitive grasses can reduce starthistle spread. Chemical: Herbicides like clopyralid and glyphosate are effective when applied at the rosette stage. Biological: Insect biological control agents, such as the starthistle weevil, are being used to curb growth. It's important to time applications and interventions before seed production for maximum effect.",1.0
8,Dalmatian toadflax is known for its waxy leaves and yellow snapdragon-like flowers. Identify the species.,species_name,Dalmatian Toadflax,"Dalmatian Toadflax (Linaria dalmatica) is a perennial herbaceous plant known for its waxy leaves and yellow, snapdragon-like flowers. It typically grows in habitats like roadsides and dry rangelands. The plant often starts its growth in early spring and continues through the summer months.","Mechanical control includes hand-pulling or digging the plants before they seed. Cultural control involves maintaining healthy plant competition to reduce infestation. Herbicides like Picloram, Tordon (Picloram formulation), or 2,4-D can be effective, especially when applied in the early growth stages during spring or fall. Persistence is required as seeds can remain viable in the soil for many years.",1.0
9,"What is the lifecycle of Scotch broom, including its germination and flowering period?",lifecycle_info,Scotch broom (Cytisus scoparius),"Scotch broom is a perennial shrub that germinates primarily in spring after seeds are exposed to cold, moist conditions. The plant grows rapidly and reaches maturity in 2 to 3 years. It flowers from April to June, producing bright yellow flowers, followed by seed pods that mature in summer, dispersing seeds explosively.","Mechanical methods involve cutting or pulling plants before seeds set. Chemical control can use glyphosate or triclopyr applied during the active growth phase for effectiveness. Biological control with seed-feeding insects is also employed but is less effective as a standalone method. The timing window for herbicide application is typically in early spring or fall when plants are actively growing, avoiding the flowering period.",1.0
10,"List effective mechanical, chemical, or biological control methods for musk thistle.",control_methods,Musk Thistle (Carduus nutans),"Musk Thistle is a biennial plant. It rosettes in the first year and flowers in the second, typically blooming from late spring to early summer.","Mechanical methods include hand pulling and mowing before seed set to prevent spread. Chemical control can be effective with herbicides like 2,4-D, dicamba, or glyphosate, ideally applied in the rosette stage in fall or early spring. Biological control involves using the thistle head weevil, Rhinocyllus conicus, to reduce seed production.",0.9
11,Bull thistle forms a rosette in its first year and flowers in the second year. Identify the plant and describe its lifecycle.,everything,Bull Thistle (Cirsium vulgare),"Bull thistle is a biennial plant. In the first year, it forms a large rosette and develops deep taproots. In the second year, it bolts, flowers, and then produces seeds before dying.",Mechanical control involves digging or cutting plants in their rosette stage before they flower. Cultural controls include maintaining competitive vegetation to prevent seedling establishment. Chemical control is effective when applied in the rosette stage in fall or early spring using herbicides like glyphosate or clopyralid. These should be applied according to label directions for effective results.,0.9
12,Bindweed has twining vines and white to pink funnel-shaped flowers. Identify this weed.,species_name,Convolvulus arvensis,Field bindweed (Convolvulus arvensis) is a perennial weed that grows from an extensive root system. It emerges in spring and can continue growth throughout the growing season.,"Mechanical control includes regular mowing and tillage to deplete the root reserves. Cultural methods involve planting competitive crops. For chemical control, apply herbicides like 2,4-D or glyphosate during active growth in spring or late summer. Effectiveness depends on timing and repeat applications.",0.9
13,Describe the lifecycle and growth timing of Johnson grass.,lifecycle_info,Sorghum halepense,"Johnson grass is a perennial grass that can also behave like an annual in some conditions. It grows from rhizomes and seeds, typically becoming dormant in the winter and resuming growth in spring. It flowers from late spring through summer, with seeds capable of germinating throughout the growing season.","Johnson grass can be controlled using a combination of mechanical, cultural, and chemical methods. Mowing before seed set can prevent spreading, while tillage can disrupt rhizomes. Herbicides like glyphosate and imazapyr are effective when applied in late spring or early summer. It's important to follow label instructions and consider a multi-year approach for effective control.",0.9
14,What are the recommended control strategies and timing for giant hogweed?,control_methods,Heracleum mantegazzianum,"Giant hogweed is a perennial plant known for its rapid growth and large size. It typically starts its growth cycle in early spring, flowering in summer and producing seeds by late summer to fall.","Control methods include mechanical, cultural, and chemical approaches. Mechanical control involves cutting or mowing before seed setting, but care must be taken to protect the skin from sap. Cultural controls include introducing cover crops to compete with seedlings. Chemical control is most effective when using herbicides like glyphosate or triclopyr before flowering or in early spring. Controlled foliage application is crucial to prevent exposure risks.",0.95
15,Medusahead rye produces dense mats of sharp awns. Identify the species and explain why it is problematic.,species_name,Medusahead rye (Taeniatherum caput-medusae),"Medusahead rye is an annual grass that germinates in the fall, overwinters as a seedling, and resumes active growth in the spring. It typically matures by early summer, producing dense mats of sharp awns which can intertwine and form thick layers on the ground.","Mechanical control includes mowing before seed set, although this may be labor-intensive and may require multiple passes. Cultural control involves increasing competitive desirable species through reseeding native plants or using prescribed burning in the early stages. Chemical control should be considered using suitable herbicides such as glyphosate or imazapic applied in the fall or early spring before the plant matures. Biological control research is ongoing but not yet widely available. The timing of control methods is critical to prevent seed production, typically targeting pre-emergence to early growth stages.",0.9
16,Explain the lifecycle of spotted knapweed and how it contributes to its invasiveness.,lifecycle_info,Spotted Knapweed (Centaurea stoebe),"Spotted knapweed is a biennial or short-lived perennial plant. In its first year, it forms a rosette and can remain in this stage for an undetermined number of years until it has adequate resources. Typically, it bolts and flowers in its second year. The plant then produces seeds and may survive for a few more years, contributing to its invasiveness through prolific seed production and adaptability to various environments.","Control methods for spotted knapweed include mechanical (hand-pulling or mowing before seed set), cultural (using competitive grasses to outcompete the weed), biological (introducing natural predators like the knapweed root weevil), and chemical (using herbicides such as Clopyralid, Picloram, or Aminopyralid). The optimal timing for chemical control is in early spring or late fall when the plant is in the rosette stage for maximum effectiveness.",0.9
17,What integrated control methods are used to manage leafy spurge effectively?,control_methods,Leafy Spurge (Euphorbia esula),"Leafy spurge is a perennial weed with a deep and extensive root system. It begins growing in early spring, and its flowering typically occurs from late spring to early summer.","An integrated management approach is effective for leafy spurge. Mechanical methods such as mowing can prevent seed production. Cultural methods include promoting competitive grasses that can suppress leafy spurge growth. Biological control involves using insects like the leafy spurge flea beetle. Chemical control is effective with herbicides such as Picloram, 2,4-D, and Imazapic, especially when applied during the flowering stage in late spring or early summer. Consistent treatment over several years is required for effective control.",0.9
18,Russian knapweed forms dense root systems and reduces forage quality. Identify the plant and describe control methods.,everything,Russian Knapweed (Acroptilon repens),"Russian Knapweed is a perennial weed well-known for forming dense stands through its extensive root system. The plant typically begins growth in early spring and flowers in late summer, persisting throughout the growing season.","Control methods for Russian Knapweed include: 1. Mechanical: Regular mowing before seed set can reduce spread but won't eliminate roots. 2. Cultural: Encourage healthy competition with desirable plants to reduce bare ground. 3. Biological: Deployment of certain insects like gall flies may help but are slow processes. 4. Chemical: Herbicides such as Clopyralid or Aminopyralid are effective when applied in the late spring or early summer, targeting pre-bloom stages.",0.9
19,Purple loosestrife invades wetlands and displaces native plants. Identify the species and describe its lifecycle.,everything,Lythrum salicaria,"Purple loosestrife is a perennial plant that typically emerges in the spring. It is known to grow in wetlands and moist environments, reaching maturity and flowering during the summer months. The plant dies back in the fall but re-sprouts from the rootstock the following year.","Control methods include mechanical, cultural, and chemical approaches. Mechanical control involves manually removing the plant or cutting it before it flowers to prevent seed spread. Cultural methods include managing water levels and using native plants to outcompete loosestrife. Biological control utilizes specific beetles (Galerucella calmariensis and G. pusilla) that feed on the plant. Chemical control can be employed with herbicides such as glyphosate and triclopyr, applied during the early flowering stage for maximum effectiveness.",0.9
