question,concern
"This weed has purple flower heads, deeply lobed leaves, and forms dense infestations in rangelands. Identify the species.",species_name
Spotted knapweed is a common invasive plant. Describe its lifecycle and typical growth timing.,lifecycle_info
What are the most effective control methods and best timing to manage diffuse knapweed?,control_methods
Canada thistle spreads aggressively through creeping roots and produces spiny leaves. Identify the plant and mention its lifecycle.,everything
Leafy spurge produces a milky latex sap and yellow-green bracts. Identify the weed.,species_name
Describe the growth stages and seasonal development of purple loosestrife.,lifecycle_info
When and how should Russian knapweed be controlled to prevent spread?,control_methods
Yellow starthistle has sharp spines on its flower heads. Identify the weed and explain when it typically grows.,everything
Dalmatian toadflax is known for its waxy leaves and yellow snapdragon-like flowers. Identify the species.,species_name
"What is the lifecycle of Scotch broom, including its germination and flowering period?",lifecycle_info
"List effective mechanical, chemical, or biological control methods for musk thistle.",control_methods
Bull thistle forms a rosette in its first year and flowers in the second year. Identify the plant and describe its lifecycle.,everything
Bindweed has twining vines and white to pink funnel-shaped flowers. Identify this weed.,species_name
Describe the lifecycle and growth timing of Johnson grass.,lifecycle_info
What are the recommended control strategies and timing for giant hogweed?,control_methods
Medusahead rye produces dense mats of sharp awns. Identify the species and explain why it is problematic.,species_name
Explain the lifecycle of spotted knapweed and how it contributes to its invasiveness.,lifecycle_info
What integrated control methods are used to manage leafy spurge effectively?,control_methods
Russian knapweed forms dense root systems and reduces forage quality. Identify the plant and describe control methods.,everything
Purple loosestrife invades wetlands and displaces native plants. Identify the species and describe its lifecycle.,everything
